date,0.005,0.025,0.165,0.25,0.5,0.75,0.835,0.975,0.995
2011-01-29,0.4109560548833419,0.4941005221516792,0.6303733682194093,0.6717196304809688,0.7568353633102758,0.8431875633052426,0.8848522917601787,1.006653600162999,1.0978590399141002
2011-01-30,0.9194686440736515,0.9927951981067219,1.2702545980037585,1.3329884495799345,1.504236155615756,1.6750518401505958,1.7467164461857105,2.014860238682989,2.188142492518169
2011-01-31,0.7904067234072114,0.9884265633009218,1.2494099771338836,1.3228853734836954,1.5003045084172464,1.6594043262443339,1.720130574850193,1.9539093399303273,2.180639155716047
2011-02-01,0.4140081421701577,0.4870097548375253,0.6237120006074072,0.6599869956233346,0.7475422250972605,0.8374034551679094,0.8765189650548519,1.0006345414631277,1.0678779338789794
2011-02-02,0.4431394917755809,0.5114166832393822,0.6190424826537064,0.6623472676677455,0.7566606965137106,0.8381826901876054,0.8755089532693275,0.9978295902442035,1.0742110622693641
2011-02-03,0.43129725886321624,0.5068697804293626,0.6231285839125528,0.6613487530088117,0.7470602550128072,0.829894609532155,0.8661526265833132,0.9984820842697464,1.067463418438916
2011-02-04,0.4376584439361074,0.4946008654717802,0.6196308440934314,0.6555626172931901,0.7481641409896098,0.8359932607141525,0.8901407168172134,1.0041864426294385,1.061210501698117
2011-02-05,0.45435463444961854,0.5124479228288213,0.6414817541416259,0.6756396090106509,0.7594960419427919,0.8460393708166113,0.8868243821953203,1.0123273985415595,1.0853318695676315
2011-02-06,0.8643688418750934,1.0170917069090977,1.2675842515796514,1.3391085727198186,1.5065596011900546,1.6771058376786285,1.747963419682319,2.000421716922207,2.157425498969625
2011-02-07,0.7885208802288072,1.0417750085199442,1.2731932361930454,1.3454268410066852,1.5102666827839677,1.6669701948590432,1.762371117309189,2.0109357309398135,2.1672554678960196
2011-02-08,0.40144884805555464,0.4834673535742178,0.6211943713366367,0.6660213206167486,0.7531032713977014,0.8405065861654075,0.8827009381498352,0.9898541981206133,1.0394070852591248
2011-02-09,0.39555871034827234,0.48870644301068467,0.6277070613187937,0.6683301940949178,0.7502197369459477,0.8362037520802219,0.8740415036444931,0.993440074809468,1.0524178450873738
2011-02-10,0.42411845642464896,0.5020566352621268,0.6298118028023272,0.6652556892633464,0.7441164442782976,0.8303797665992869,0.8702202903181677,0.9936778202242527,1.0993056312830853
2011-02-11,0.4149426153862531,0.5041926182304779,0.6220270565944623,0.6611885069491289,0.7427786193396044,0.8401762587054691,0.8729009249066233,0.9829892611021939,1.04348487052
2011-02-12,0.44678821300116783,0.5076124510360032,0.6276545363711367,0.665212733002563,0.7522748930085472,0.8412914753339309,0.8817949309091352,1.0251563052509827,1.0991561723841416
2011-02-13,0.871802582797133,0.9906214588075861,1.2676342586354377,1.3354090416146476,1.507228851653188,1.6623726001943195,1.7251652627788847,1.970754435780043,2.1419643017564534
2011-02-14,0.8386630767793185,1.0014340602218026,1.2477517518045411,1.3268155447532024,1.5075528644702185,1.666814145525462,1.7493707425189786,2.0196848947410646,2.140168212906066
2011-02-15,0.4225080347961059,0.491648104291705,0.6254852580066012,0.66408866076048,0.7505831488884681,0.8395987426146312,0.8812565862577393,1.0168460941400685,1.086733588458369
2011-02-16,0.40587732416361455,0.5078731432147352,0.6227303934098757,0.660862168352184,0.7560847716305624,0.8349265250144228,0.8696128505368266,0.9876570149722048,1.0637605918910533
2011-02-17,0.4066915807854729,0.4994886271021989,0.623156479645524,0.6628923756818131,0.7474076219677589,0.8387767679190254,0.8789580047906859,0.9915285799370255,1.0715177769276105
2011-02-18,0.41306152496862514,0.47405890815204077,0.6185756129573732,0.6563037740803466,0.7456924874237731,0.8376157636112592,0.8740335088825283,1.0066425886423842,1.0796867834379857
2011-02-19,0.43934580739371976,0.5037699084146564,0.6111292664850451,0.6575259281224559,0.7488295150333136,0.8387426908507458,0.8748118288567055,1.0088049756708999,1.095760372926781
2011-02-20,0.8487445473840666,1.0127821780504322,1.2659749690552549,1.3408856212667597,1.502668711546825,1.6714724628739392,1.7450916210017804,2.021467404342619,2.2760903184449854
2011-02-21,0.9042129145653177,1.0036821584877706,1.2566412272486749,1.331065821043992,1.4956821408105365,1.6602238552535928,1.7277779290656055,1.9720095045430361,2.119303059470328
2011-02-22,0.40243836913585396,0.5117530426828907,0.6218669799322303,0.6623922230329092,0.7530410426626557,0.840186757548604,0.8731711967393945,0.9904823585820035,1.0745643175464474
2011-02-23,0.3948522899918464,0.49772048126018725,0.6213306183947575,0.661928802186152,0.7527468338795629,0.847552289129491,0.8838885016902467,1.0011210101891044,1.0573029050783729
2011-02-24,0.45220151890258303,0.5129356834001988,0.6243890964027939,0.6608927983242638,0.7444329058894642,0.8336009651101448,0.8705077817669933,1.000392532717143,1.0624941944715636
2011-02-25,0.41453060105509937,0.49396540598437905,0.6144411513469541,0.6572347762517056,0.7528216810627162,0.8342435627635719,0.8722869470655972,0.9843735100098469,1.086966134659568
2011-02-26,0.4402762893971853,0.5063448569075673,0.6209049333168772,0.6587379234503312,0.755811436816606,0.8464256627261202,0.8901226932820329,1.0073552486496824,1.097146527289336
2011-02-27,0.808947506755898,0.9595308790477112,1.250234713351877,1.3184458847067462,1.486498885100009,1.6621584524908812,1.7363138288517397,1.9943690846698816,2.1369081071393397
2011-02-28,0.9235990708235616,1.0402971933328582,1.2532180540385909,1.3213105238734555,1.487002074567648,1.653151562008811,1.7307492000546856,2.009283161223367,2.1704841941034894
2011-03-01,0.4272233807303195,0.492019369927943,0.6175667934919982,0.6598087621477857,0.7514006248734403,0.8394532407629863,0.8732057675604625,1.0187643870223781,1.1003644093789584
2011-03-02,0.41975489518268655,0.4953200816387191,0.6275380923766587,0.660284380747949,0.7453883734696525,0.832205417711529,0.8771182225341827,1.0161597382361676,1.0860813481784612
2011-03-03,0.44665008266217093,0.5121999099956008,0.6200310058193929,0.6629717951092604,0.7587979290974312,0.8469531915520679,0.8891890342329107,1.0107340480577274,1.0814461933562156
2011-03-04,0.4132330039193836,0.5177649244041667,0.628895510151043,0.6735723913666717,0.7610648435259852,0.8431469413713849,0.8817004987141881,0.9923607537101625,1.0505380163418567
2011-03-05,0.45523104016562027,0.5048067375798514,0.6280783448106628,0.6688650416761394,0.7546336984547417,0.8301694265261612,0.8711324935218145,0.9976911174702217,1.074728223750928
2011-03-06,0.8536362829521756,1.0183753640505173,1.2648363134886496,1.345765622884866,1.50938142062887,1.6764496260115522,1.7534988864285797,1.9965579836209089,2.078676545539826
2011-03-07,0.837405288031959,0.9724073299503224,1.247471772502455,1.3232109177345996,1.4907473809594682,1.6738665579057588,1.7413712548712912,1.9913308168294137,2.16548989536753
2011-03-08,0.39360585906804113,0.4877969957934293,0.6148512571572184,0.6628395638749136,0.7513920231949056,0.8435577674716429,0.8879264432677967,1.0122983664044711,1.0574126178398848
2011-03-09,0.4292456903285097,0.4985496261064169,0.6218497381756759,0.6560903872574603,0.7512629821583926,0.8453687691110172,0.8758035242609595,0.9871147362366607,1.0691081631726156
2011-03-10,0.43302819536601495,0.5050130681524858,0.6229059498475045,0.661347169186242,0.747113982396518,0.8423408258210613,0.8797977153251915,1.0154857468430645,1.107339421871742
2011-03-11,0.43477757218074764,0.5070202653359617,0.6215060477736656,0.6651432140420646,0.7506800618790701,0.8437751850469843,0.883043124103618,0.9942336283711636,1.0730732982255253
2011-03-12,0.3951389892453658,0.48664602406857327,0.6288847331245078,0.6699718403960181,0.7516209946409851,0.8358880794056485,0.8727336534298491,1.0070076325366517,1.0852490779804922
2011-03-13,0.8292129330558927,0.9714893865456894,1.2575223433795704,1.3325291721375783,1.5038030431269216,1.664770759320897,1.7404521694991097,1.970604226280628,2.180035412367787
2011-03-14,0.8922507854372822,1.0005795200570344,1.2487604297867654,1.3110730262920018,1.474965597197127,1.6381884698307196,1.728545916038802,1.9871275766932535,2.1344422316227885
2011-03-15,0.3973420714496314,0.5094174486977378,0.6295972888534507,0.6693089991351863,0.7583590804908397,0.8464106004824128,0.8890405242513316,0.9993566931197817,1.0688826337898047
2011-03-16,0.4182724309286695,0.49555470631749615,0.6189063795625646,0.6592529218852113,0.7498126383512256,0.8467996133567711,0.8880690341005677,1.010828032511779,1.093903949116524
2011-03-17,0.40820144845501094,0.5089960656691835,0.6372696008497847,0.6721436448531745,0.7533293720336365,0.8370978172785787,0.8742202147207806,1.0123360473458651,1.089260232895533
2011-03-18,0.4220622248718494,0.4974905005253453,0.6159046765255212,0.6583206840663262,0.7476672458766126,0.8385125175011372,0.8805144563297498,1.0002875043645618,1.0707043289118785
2011-03-19,0.45678102610453436,0.5153039386908373,0.6303484450111096,0.6657834885052806,0.7500435139701044,0.8372835618880187,0.8772518592391216,0.9856032088664678,1.0606818365703798
2011-03-20,0.8950486035220897,1.043758084683276,1.2636629563958988,1.339662335572766,1.5130771660838835,1.6739055911826017,1.744594701330859,1.9747163936707695,2.1042278791905824
2011-03-21,0.8197442170361116,1.0223910949732509,1.2569749163896673,1.3325626182333574,1.5097548541942976,1.6769779087214705,1.740083202879513,1.9867388227658525,2.15110143745773
2011-03-22,0.40249103459891533,0.5043734420360649,0.6178864123725002,0.6660274740384229,0.7538816158553747,0.8377716293206796,0.874220706459041,1.0180653362637746,1.1113369002501672
2011-03-23,0.45132725794682077,0.5108517231983687,0.6286047199656141,0.6695161888235525,0.7531055568514209,0.8372275972289465,0.8744450790007753,1.018302182658007,1.062223711245693
2011-03-24,0.4384796601635335,0.5042335903035449,0.6149678951231203,0.6609324904768731,0.7528349338971452,0.8412909043273451,0.8721746317207495,1.0063623460347293,1.129169514924801
2011-03-25,0.42957659081915545,0.5056073005230503,0.6171886996967597,0.6594027854302974,0.7531789563547608,0.8448254360283725,0.8761621158384567,0.9985489683888917,1.1080859824534377
2011-03-26,0.40480417145085834,0.4996111106697846,0.6248312579564345,0.6574677209718899,0.7477932030375141,0.8300676400217971,0.8622968150161634,1.0000571341396027,1.058612683072203
2011-03-27,0.8477729457424109,1.0202961445715495,1.2739927062318028,1.3494587845655261,1.5030870866334258,1.676437765925321,1.752198116508624,1.979849076179363,2.1038910150714396
2011-03-28,0.7700311626432638,1.001874973854182,1.2718860106425534,1.3462065480166088,1.5120968838671636,1.6741399808418116,1.7437804452817487,1.9681928995077562,2.073568549132744
2011-03-29,0.41152436602483156,0.47966093477139826,0.6277135075281293,0.6698022383886195,0.7514891600688609,0.8386829417411159,0.8803611128877055,1.0146468295006612,1.1076922702691172
2011-03-30,0.421285517541739,0.5079475877826144,0.617531361258065,0.6544843769203654,0.7490941070213305,0.8356092333669355,0.8695084271044056,0.9930311504090197,1.0683853678092228
2011-03-31,0.43448259963290714,0.5095759525456844,0.6393624011704561,0.6764620121475682,0.764061464537974,0.8466589309812247,0.884529789762119,0.9958483551462278,1.0743420763669778
2011-04-01,0.42891202435654097,0.5050321884705484,0.6235931012386442,0.6604719511244503,0.7483188765934501,0.8378232954511228,0.8779980073334264,1.0052204470622415,1.0990735117751504
2011-04-02,0.381335344995952,0.4815004534029139,0.6167084268326212,0.6544807149531081,0.7468438338256864,0.8314900095637271,0.8688773904535123,1.0062078742633194,1.1132834445713806
2011-04-03,0.8886293276732564,1.001745205847896,1.2437365481444502,1.3205460574019625,1.50203907641726,1.6641893572463844,1.7351240077104135,1.9891415725964712,2.172949405870605
2011-04-04,0.8230143794466653,0.9688053841161728,1.2386491898256717,1.3433948918393777,1.5021692579038861,1.6669973544994834,1.7499664537605444,1.9987966010786535,2.132398218906499
2011-04-05,0.426586438153213,0.49865624130470226,0.6202593771091383,0.6666205586506451,0.7486600350630492,0.8374551231343305,0.8677906985586717,0.9967947580988008,1.0521778966735107
2011-04-06,0.3881185827215986,0.47603302036345424,0.6237267197393814,0.6647904737130518,0.7550252929660795,0.8358360843778745,0.8771374063525335,1.0014676951669215,1.0735675315796176
2011-04-07,0.4277511132753715,0.4997084273967059,0.6178843889326959,0.6514759901589978,0.7387585668547856,0.8370180498284155,0.8695696313977639,1.0058221693946126,1.0866436185572341
2011-04-08,0.41230595070442944,0.49869164860357884,0.6265129435592334,0.6677652757087433,0.751970913325414,0.8407437485610486,0.8794680115819005,1.0129158597463248,1.1422184210037996
2011-04-09,0.4153652247228594,0.47605040790065295,0.6187981263150848,0.6550350815258364,0.7379425552811139,0.8258196158611596,0.8647950112338979,0.9999187371986477,1.110369304342195
2011-04-10,0.9029668894846302,0.9979429162111076,1.276648497850073,1.3387970581903574,1.509042242501251,1.6663640905411379,1.7504055077504113,1.994363494854304,2.1340588684560844
2011-04-11,0.9136893591231616,1.028762143227078,1.2731629123473438,1.331114412699089,1.505382049361074,1.6826414112108135,1.7706855010284555,2.0109362730744675,2.1802002384583696
2011-04-12,0.39652611491602,0.48665944790134025,0.631595226171155,0.670514992993155,0.7559775546163079,0.8386727466535068,0.878615892342532,0.9999029941467786,1.092003748595002
2011-04-13,0.3842363886656756,0.49630142262740257,0.6420206908460449,0.6726006028430801,0.7496028622807771,0.8317887345919465,0.871337124151604,1.0003094572997129,1.0466398924916753
2011-04-14,0.4051316252139026,0.4997346290845818,0.6258393814249356,0.6629040935965882,0.7535157832372102,0.8331032900124961,0.8705132475878932,1.008638380504824,1.0942694453040231
2011-04-15,0.4329590145743561,0.49754258377717814,0.6265454611991506,0.6655605863167462,0.7526163190445087,0.8358195305011551,0.8698324380274408,1.0010754644269355,1.07083838425164
2011-04-16,0.4403386713894347,0.5052943602397135,0.6354061995529525,0.6745729880403225,0.7568644342255539,0.8429923269689357,0.8729400747672451,0.9959452887185928,1.1122807731949818
2011-04-17,0.8793967654417709,1.0210746296724047,1.2563130795134818,1.3312815975957248,1.491423514639385,1.655336965532006,1.72090526219999,1.9537569014747267,2.0932350670508755
2011-04-18,0.8288682744200471,0.9994667620530093,1.2422911054646395,1.3123256197429072,1.4963794618950867,1.670321562175439,1.7487012048065114,1.9901037397015051,2.106644258340562
2011-04-19,0.3909481270663197,0.49991486162579724,0.627838576741939,0.6657886801885065,0.7511957262190152,0.8357364405674614,0.8734678470740146,1.0085759372815948,1.0887246931346226
2011-04-20,0.4335311990903306,0.5033925083514477,0.6272309220947329,0.6632227590320221,0.7508025713034697,0.8386677287409651,0.8729521047359774,1.0135962777759209,1.064582346475485
2011-04-21,0.41326649139337457,0.49638394077842424,0.6225984750415208,0.6603192789678005,0.7580141340482844,0.8372499928977122,0.8722881443242781,0.9972976650497075,1.0982907655251308
2011-04-22,0.38509958780383624,0.47788005391208493,0.6191843388652766,0.6512540579168644,0.7387179233961236,0.8244631716404545,0.872490526493314,0.9928064416884197,1.081797176334549
2011-04-23,0.4101368404485884,0.5004145956133261,0.6238521826802813,0.6662103627214653,0.7550217516724713,0.8349552983830536,0.8758359247367162,0.9996859161247331,1.1107990718758793
2011-04-24,0.9149978185504781,1.0578830907182857,1.2570701849250785,1.32339842938119,1.488262303399599,1.6554036896031508,1.7270454882943573,1.9789269701686245,2.1072482863960382
2011-04-25,0.9011915720465415,1.0101957372137678,1.259792028875122,1.3273243613511867,1.5098361405695728,1.6686933243504598,1.7490005076653088,1.974941378301572,2.1252995580830216
2011-04-26,0.4062707290262024,0.4896492660945086,0.622236326970817,0.6586004054145929,0.7485506193960036,0.8305338733813766,0.8749217119850969,0.997181887837941,1.0932481328601196
2011-04-27,0.4276226687742773,0.4808834673879022,0.6245441468680898,0.6648657823922967,0.7500480959576208,0.8382394103952808,0.875319912095537,1.0095094549001977,1.0977699879500247
2011-04-28,0.41852339544705597,0.5013435529578966,0.6219604550226701,0.6554350767079182,0.74197426167138,0.838178704572001,0.8733415311867425,1.0004843288801752,1.0806544845526223
2011-04-29,0.4282469389400793,0.48349521010393726,0.6189491616240956,0.6668794876115597,0.7477225993104524,0.8354667364320514,0.8722391973558152,0.9817900834387278,1.0759689850981162
2011-04-30,0.45114679406579655,0.5051278946462444,0.6155424296590783,0.6515119180113929,0.7397752577978726,0.8333319295885243,0.8746324217289386,1.0038366176605842,1.1093005291462823
2011-05-01,0.876946065084664,1.0108316322241735,1.244223830613952,1.3282468641184368,1.4916569624979854,1.6420462631521628,1.7244145603624919,1.9908517438610984,2.2125346412161537
2011-05-02,0.8562779164184557,1.004765131341557,1.2542221977071832,1.3340020007549176,1.4922902106066636,1.6594201076997706,1.723555269914187,2.008149514631135,2.133604316186064
2011-05-03,0.4465388781032976,0.5036352046990801,0.620121285814075,0.6542789821795105,0.7481426246689078,0.8378854887550438,0.8790555516693073,1.0112530029495315,1.088366058680861
2011-05-04,0.4335389579482559,0.4924553725898123,0.6237623031489112,0.6620595233505279,0.7437827991793832,0.8383181328479166,0.8785946175705497,0.9972040575751411,1.086837720261695
2011-05-05,0.3854663903146728,0.49718891650927194,0.6262208642733622,0.6668816298867204,0.7562367212456538,0.8441890866899898,0.8827213049029858,0.9952206042472646,1.0551560554849175
2011-05-06,0.4444208152318648,0.4982294428998332,0.6176254307180126,0.6594573115429503,0.7560783039258021,0.8390420867650693,0.8829303228025693,0.999187888683265,1.0703426509871652
2011-05-07,0.41619674427491027,0.4973322609205184,0.6184351903972989,0.6513073664848273,0.7482541965408371,0.8309044341955893,0.8699528606978799,0.9959427528453346,1.0938786298222285
2011-05-08,0.9292193114354017,1.0321394194826634,1.250503489808665,1.3150605547718603,1.4970390626954722,1.6556812700964711,1.7400397101377496,2.010399760928439,2.1143119359675246
2011-05-09,0.8622608754961406,1.0066806761225047,1.2406325318303113,1.325033104821643,1.4832965279852166,1.6468986277045008,1.7325805101695677,2.0135979994787716,2.175773839224358
2011-05-10,0.4335088758882992,0.5015573704345447,0.6178436617227399,0.6627063160973017,0.7476438637763193,0.8375444757961295,0.8788234236155906,1.0139130098141118,1.1006690739261193
2011-05-11,0.4248865717598485,0.4833908980323422,0.613248709186088,0.6546700925264022,0.7372697612138419,0.8310120717586498,0.8669466127047576,1.0094421856011853,1.1004804828984687
2011-05-12,0.40479536134044375,0.4849457802726611,0.6168398352106281,0.6578694675160206,0.7421811453979574,0.8314776690501382,0.8705076189171975,1.0159947253678212,1.1338784633081518
2011-05-13,0.419455364650584,0.48817222226467205,0.6160258734584159,0.6625427064597124,0.7582075605030367,0.8377851929651974,0.8807493869701182,1.007310550843971,1.0872842346313267
2011-05-14,0.41412325911129944,0.4899377942521195,0.623475730819679,0.6608760250481784,0.7440989040020287,0.8305485318187106,0.866658640409774,1.0003965423499144,1.1023235116009185
2011-05-15,0.8857371122127292,1.0350860572565685,1.2723790838783882,1.334900994410245,1.4909237817749372,1.6897127587199674,1.7605992763544775,1.9566555097995484,2.107447518533788
2011-05-16,0.8344038740215709,1.004085364879947,1.2435406353979799,1.3231277774556247,1.4896437350660467,1.6578855054935444,1.7466613459901954,2.0048195641462105,2.1555979035046606
2011-05-17,0.39169991928951653,0.4865885790970848,0.6209814576839249,0.6647477009589504,0.7455532864714912,0.8301187048142505,0.8684956071347771,0.9839783750605283,1.0505995788296778
2011-05-18,0.40504180542295076,0.48628126689104795,0.6189576002611908,0.6579545949855005,0.7469867185558977,0.8307714347808173,0.861498954154253,0.9832160734394377,1.0608368354061546
2011-05-19,0.3955883813963947,0.4727872791852275,0.6148841764639289,0.6527835822753381,0.7503058685765364,0.8376999916773458,0.8847345000862016,1.00192602267632,1.0842378411108005
2011-05-20,0.4481231792403731,0.5142497017427342,0.6287275029128213,0.6594534302252798,0.7477911307014964,0.8421342072900941,0.8800848527250087,0.9871815052499744,1.079277230113841
2011-05-21,0.41352855539241884,0.48761849641711075,0.6188069003151396,0.6592819297020394,0.751791021502518,0.842458777084077,0.8849704943669328,1.0273568550075076,1.106095251356462
2011-05-22,0.8904205012144397,1.0096606168072295,1.264403558531067,1.339211748589072,1.4977590265241456,1.655253773757763,1.7292284143526486,1.9810651033878879,2.1892750724783783
2011-05-23,0.8778582467698862,1.012530223663874,1.255969773362922,1.3266151823712984,1.4882348255563285,1.6725091873015008,1.7505302636836686,1.9799340197224742,2.13419897205046
2011-05-24,0.416325949510825,0.5003551043350184,0.626826623508636,0.6643824677706158,0.7540893632545028,0.8355659710909211,0.8700632616260995,1.0093689167962474,1.0682252251278772
2011-05-25,0.3619489700479722,0.48076847103272485,0.6179045837898944,0.6606914871994725,0.7506804974582298,0.8459662685950629,0.881353424616458,1.015732964355762,1.0848140856251374
2011-05-26,0.425644393006043,0.4869484441876041,0.6139310710055113,0.6574284573382181,0.7483459513262174,0.8336826475132286,0.8725307789098979,1.0165092666932916,1.08735102086738
2011-05-27,0.3969622361601564,0.4988205749875034,0.6219945067219814,0.6645639686488478,0.750027937238123,0.8370139825830497,0.8783578086880002,1.011843304676532,1.0844425119307775
2011-05-28,0.4553350644737033,0.49906341632352247,0.6200461700933179,0.6617770254057114,0.7442281078616183,0.8448348473988261,0.8817233860127494,1.0271631057990005,1.0980695358108112
2011-05-29,0.924923600458984,1.0558873274820546,1.261118812367472,1.3369899231812985,1.494577111737284,1.675074849813964,1.7452363799356259,2.008349682954581,2.1748937034556812
2011-05-30,0.8247033579577444,1.0049209939962453,1.2428496902977422,1.3225400219543868,1.491046706182079,1.6600353511751822,1.734909977234819,1.960238544250164,2.1317159144496336
2011-05-31,0.4658547076292011,0.5258700651871789,0.6377900274234484,0.6732605769963208,0.7574095899658649,0.8407490558017136,0.8776163164662987,0.9930458241807718,1.0910715625229142
2011-06-01,0.42112796233613314,0.5069465006304328,0.6187405254910315,0.6535556660411308,0.7470494332783166,0.8338639319645309,0.8690071267016611,1.0041354796466686,1.0927449122966368
2011-06-02,0.41073501165327836,0.4933616015786985,0.617737114093843,0.6627870595262131,0.7524934715677174,0.8368508632597782,0.8697231690364623,1.0084452813025735,1.0604222453066048
2011-06-03,0.3894949733005265,0.4853451564471351,0.6147094434404969,0.6562392632780139,0.7479006151501006,0.8335816411572363,0.8753484658705589,1.0184845251437817,1.0953068047377543
2011-06-04,0.42109243572210925,0.4948260022173775,0.6220121186261099,0.661156803931451,0.7499601414059943,0.8404135004220554,0.8786159370812704,1.0163580433989259,1.1026077333607727
2011-06-05,0.7853652282715865,0.9956787224340241,1.2902321034881843,1.3606027970683614,1.5001710546370464,1.6584687945770746,1.7391639205030616,1.983829486342278,2.142604401855013
2011-06-06,0.8988804698021592,0.9995617489664108,1.2574710981453368,1.3304611899725,1.5074948167802718,1.6911181719841912,1.7659533856893979,1.9875036090502352,2.1366759931819748
2011-06-07,0.4129704646356228,0.48241770906281456,0.6116933947235943,0.652237451264774,0.7518532340444328,0.8436622716618625,0.8833914225604727,1.001217358708824,1.0954110727775612
2011-06-08,0.40648818989279417,0.49069154013192434,0.6208645877996525,0.6565081436237936,0.7491720881188484,0.8389264277462052,0.8751566861000032,0.9992320858034742,1.0675485495325514
2011-06-09,0.3989145223063357,0.5031071381354927,0.6223879427013612,0.6663831040370292,0.7555537087221158,0.8424351844467115,0.8816873628112996,1.0082324331076291,1.0725452834339837
2011-06-10,0.4127081988822036,0.49022585551833486,0.6284593224363257,0.666505768354763,0.7565106890603808,0.8463486925008225,0.8810411740805635,0.9993953587669085,1.0624242798634782
2011-06-11,0.4338327564668435,0.4952056397257748,0.6283797824732624,0.6671349488830304,0.7473202402729011,0.8261738864727783,0.8631964912258002,0.9729831204276822,1.0470841458080202
2011-06-12,0.8527936448679283,1.0366541451043179,1.2761730277528376,1.3380800020863692,1.5056892717414225,1.6585365920356738,1.7339999970083175,1.9840599788468316,2.129052098719759
2011-06-13,0.8974237523148879,1.0267652354935435,1.259206336748913,1.3312326792947273,1.4925688118413685,1.6747118734354418,1.7534329663061134,2.0307893162848134,2.229904471549701
2011-06-14,0.42714395651386705,0.4935994335843378,0.6218019197940121,0.6568372062696501,0.7424338760819194,0.8259216621164562,0.8683473142729053,1.0065526934521962,1.088052908137041
2011-06-15,0.44018186755963784,0.5122238764589023,0.6320881867348155,0.6667478245529798,0.7498634370163656,0.8409858465857736,0.8778479759929447,1.0160109441371845,1.0653528809418376
2011-06-16,0.41318623805966065,0.5021199496874668,0.6307081906056584,0.6713637420734017,0.7594033518122976,0.8435557507267428,0.8795613901408572,1.0063501460268214,1.0848648488191504
2011-06-17,0.44992865000290233,0.48843420679491134,0.6267816253067409,0.663738741178048,0.7547948653734938,0.8346681477687654,0.8698820598800975,0.9908956101824854,1.0535820046723527
2011-06-18,0.4310119963258894,0.4977196228802636,0.6211506068651993,0.6576525784187015,0.7444483979999588,0.8313150984675863,0.873968503052936,1.0084438887976916,1.088363672408271
2011-06-19,0.8614459850742888,1.0090958439574769,1.2628363055818166,1.3411118380605656,1.4982981572614613,1.6536124860151054,1.7383009705368841,1.9906228337651957,2.1096361732982714
2011-06-20,0.8602995844257644,0.9964374298754177,1.244582575336621,1.323783320136974,1.4979279595703603,1.6570675223539384,1.7424515580846904,1.977642726667471,2.170032504492326
2011-06-21,0.40348278819820865,0.4910954377725744,0.6125748393019876,0.647666950643389,0.7442883614948465,0.8343689474376017,0.8790393961661739,0.9894060562046892,1.0648248082446914
2011-06-22,0.41251877137144466,0.49680758485438753,0.6222393511264096,0.6627341584221025,0.7546704806482037,0.8418026221579955,0.8812516196232002,1.0137618008428466,1.0747243749005484
2011-06-23,0.4045579379385212,0.5006323363042103,0.619031936752083,0.6553188183004116,0.7466707245195754,0.8303639497910942,0.8710847887415158,0.9975333779631551,1.0830783627154732
2011-06-24,0.44162030061151075,0.499326664558062,0.6263799160838391,0.662191554394933,0.7463934237947301,0.8380848641743874,0.8704206961066596,0.9929938893427595,1.067811576042951
2011-06-25,0.4396429850311755,0.4978608253112949,0.628845402225645,0.6678594367719839,0.7516587956160875,0.8375068701374283,0.8727364780661169,0.9991991476608412,1.0849297260486905
2011-06-26,0.858586114979537,0.9990907752795586,1.2782100535515537,1.3515621049388955,1.5070429805177683,1.678887065332951,1.7485030072074101,1.9763014680594888,2.124957346526135
2011-06-27,0.8783029525223415,0.9998159498506037,1.2502127999216384,1.337187691622931,1.4907810315785075,1.6594273563125022,1.7340154337438403,1.9775198130173386,2.12025049479845
2011-06-28,0.44698146190378607,0.5008686341791206,0.6141587619614322,0.6537504721448801,0.7447731436474649,0.834034531968137,0.871507735714494,1.0167104249090206,1.0721143982019314
2011-06-29,0.42214567632205613,0.5078406145199132,0.6215420757381505,0.6522448635763568,0.7443661199923572,0.8328732615473551,0.8742670530139903,1.011641713173946,1.1132275442174324
2011-06-30,0.4120402167199781,0.49341039982668994,0.6202120876004477,0.6656228258073149,0.7513015740084535,0.8380897462290994,0.8772249709694778,1.0233491183926775,1.0884167223460204
2011-07-01,0.3932879723151737,0.5013639989734063,0.6287641031098018,0.6671011666021499,0.7478057265970257,0.8403663991530931,0.8815420927745181,0.9915532065114747,1.0609577095996896
2011-07-02,0.4303596486168134,0.5043678003321743,0.6197125008513816,0.6604802707898206,0.7449060850930802,0.8329531804524571,0.8723031840134305,0.9945551755912238,1.0995465189557232
2011-07-03,0.8855813909714423,1.0286385676675345,1.2411498172492286,1.3249204684637255,1.4967542913856065,1.6593711870504557,1.7495861008176319,2.003028699526333,2.0871591118494566
2011-07-04,0.8378761372472713,1.017118744206969,1.2653203454532969,1.3315632225350225,1.5060231045192194,1.6700102507160597,1.746135460482512,1.926814157494072,2.0865748718090837
2011-07-05,0.41807984601633336,0.47299028997646075,0.62959411769887,0.6688521122417577,0.7521242917750222,0.8351119531846094,0.8756589695725652,1.0040003719613715,1.0543779845032675
2011-07-06,0.4318002528988367,0.49207912986784713,0.6239917771779688,0.6635367141533661,0.7487712299667351,0.843730263775379,0.8831269868367058,1.0054725031737437,1.093022691794655
2011-07-07,0.39318811934517467,0.4823402716189251,0.6308054385108182,0.6677700342166434,0.7489237647026172,0.8386835400541871,0.8743016444414866,1.0019547558829789,1.0966574191411025
2011-07-08,0.43319482758207845,0.48606431849091564,0.6165735772521078,0.6569579269396391,0.7500310912220942,0.8404816973751309,0.8846005544073023,0.9959606876222287,1.070257976768265
2011-07-09,0.4435823370287845,0.5023132863594828,0.6197830291176598,0.6553712826640657,0.7431664672683305,0.8286106750726661,0.8721923059052232,1.0246395433226172,1.118910890894492
2011-07-10,0.8930498827726887,0.9924738502024021,1.2597187151921605,1.3262290803443038,1.4924770511819982,1.6696761941159866,1.7318531408515367,1.9971914550872496,2.175539937478667
2011-07-11,0.8934755592785761,1.0492175484842465,1.2719326046959194,1.3368485752108286,1.4971275412916962,1.6628311378980452,1.7480042361925894,1.9740670475165243,2.1941671261932645
2011-07-12,0.39405899260594035,0.4952655176158779,0.62167018671105,0.6613168474070457,0.7444514028839064,0.834204161140782,0.8805999562667891,0.9846601190567398,1.0941085118416949
2011-07-13,0.4135072611662059,0.4967106265042093,0.6196880390577559,0.6569681413158648,0.7475566370175343,0.8388606183333053,0.8741514600136444,1.006624620541708,1.0996724944177572
2011-07-14,0.4176928587003905,0.50185533149319,0.6276115454857923,0.6618638490735524,0.7513411790144889,0.8376072729226273,0.8893025766763514,0.9984131284755919,1.0749897563223028
2011-07-15,0.3997709414513883,0.4824760434684643,0.6175229174867758,0.6626572684284444,0.7482859119045078,0.8348073065719068,0.8751597630941488,0.9976716492955657,1.0773322505007847
2011-07-16,0.43041647781266584,0.5006062325190717,0.6154521661093411,0.6546684183402797,0.7494999166536762,0.8338727663274509,0.8748312179524995,0.9898798699000982,1.0769908049207328
2011-07-17,0.8444250180909613,1.0155529131584637,1.247905056544182,1.3202687021890815,1.483025705178946,1.6617696729355684,1.74389472685785,1.9864667683286905,2.097271757861114
2011-07-18,0.8762634275341146,1.018167232246686,1.260757253837025,1.3310074085548158,1.4973514297473438,1.6750163335867536,1.7427946329120307,1.9862630399519976,2.1313878232275507
2011-07-19,0.407666779343499,0.5068787998971304,0.6285719875139887,0.6697072473539794,0.7542177317724872,0.8424416942608342,0.8790401220943077,0.9937306059759421,1.0708736875356022
2011-07-20,0.4064359785194277,0.4794923773420237,0.6295773275856356,0.664099355698162,0.7571674028491744,0.8402225127329891,0.8759125490378481,1.0256827966512891,1.0924919138141718
2011-07-21,0.4161393672250778,0.49094207265431533,0.6243401389063356,0.6654947509566277,0.7529331597231486,0.8352656380991135,0.8755512929557007,1.0037006963247757,1.081044558935867
2011-07-22,0.39405772996348293,0.47872679777613414,0.6205009438282356,0.6570679013720526,0.7412545347524172,0.8283900035968564,0.8634684781492706,0.995392542813283,1.073317675541864
2011-07-23,0.42576932888310404,0.49929026629075773,0.6221558947018623,0.6635824086588092,0.7587190574342894,0.8475435011655031,0.8827667542270417,0.9892358868306442,1.060636068093379
2011-07-24,0.8401119915949893,1.0084946703366309,1.2499439312575022,1.3368873701580593,1.4982195428347658,1.6743223170745947,1.737235145144818,2.0238482051757303,2.172081568341389
2011-07-25,0.8046570008934684,0.9929016583452372,1.250056862166909,1.326977242049933,1.4951702330126309,1.6759855677271438,1.7602229755914949,2.0012727403130044,2.1133406078635244
2011-07-26,0.4245572305003219,0.5002247423321275,0.631801464150757,0.665678530602626,0.7527384140035251,0.840051400948499,0.880819811948577,1.0011824363946067,1.0434533752394681
2011-07-27,0.41201889434476696,0.4918201397622064,0.6213195499886668,0.6615838705511283,0.7506109874831347,0.8382257660632488,0.8787725787059869,1.0091808234900537,1.0676351909410975
2011-07-28,0.42648037001213085,0.4743524472878798,0.616882806517954,0.6536454701370108,0.7477156377430864,0.836259874599524,0.8698522670640643,0.9952065400890016,1.0654056674309094
2011-07-29,0.42470486196375945,0.4901518307960962,0.6265834057724191,0.6633881095522973,0.7457380404786703,0.8364158756153468,0.8702624614276837,0.98397314464107,1.0681816469312522
2011-07-30,0.40856024641720323,0.467322560049934,0.6103616313196585,0.6590726091212067,0.7463483234574749,0.8335860686413863,0.869471583017213,0.9924482156529039,1.041869671239456
2011-07-31,0.8707464418343116,1.0191113148200865,1.2673495239872181,1.3348865511181995,1.4998347484984105,1.6539364867814412,1.7154794348664117,1.9621859942393018,2.1428909781692154
2011-08-01,0.9178089904908602,1.0383115695125436,1.2613687655347372,1.3344433562764182,1.4865860105015312,1.645751149980572,1.731530415259765,1.9989379386446184,2.22080206730442
2011-08-02,0.4114869678964523,0.49727309697067823,0.6181863952395713,0.658074089461205,0.7442265582868373,0.8331515904801474,0.8734158308127329,0.9964107253559481,1.0355938657233053
2011-08-03,0.39684287887649844,0.472667414185672,0.6286570583063061,0.6687030394102195,0.7491175055139628,0.8361582787615633,0.8763502598518486,1.0142942884952273,1.0692897443230494
2011-08-04,0.4546126271170109,0.5038541758863266,0.627459915635809,0.6631696782655738,0.7533571797625562,0.8413872415665422,0.8808156119156303,1.0038579481666923,1.096444980710416
2011-08-05,0.4213358801388673,0.4932397502288211,0.6269880652889238,0.6648156709083564,0.7510277426279008,0.8392726456442907,0.8765673108385944,1.0171568842214316,1.078760645857622
2011-08-06,0.43443237553051356,0.48852718048884985,0.6209972389173932,0.65665892969616,0.7525501677900032,0.8404245083651665,0.8722851846315963,0.9924435431355688,1.0927312119739265
2011-08-07,0.8239260142009904,1.0126388155995214,1.2584699102265944,1.3436630954806243,1.5062016963136562,1.6645918368494594,1.7342519627669313,1.9983811037178953,2.1345471778270557
2011-08-08,0.9479215162283836,1.0463247802797246,1.2678377912169014,1.3491673492225253,1.4973730492724326,1.6694519825213976,1.7360762459340318,2.0023073776616767,2.204493605129879
2011-08-09,0.42691975520080394,0.4782394161915367,0.6168303405129077,0.6580121793671327,0.7496017403714986,0.8368974838983068,0.8793712015449692,1.0134863735746658,1.0776722569592543
2011-08-10,0.4150416666222685,0.488776544796803,0.6281328036975465,0.6651637438243764,0.7585167319185668,0.8461519362953452,0.8800846813391896,1.0018303888503732,1.064337076989822
2011-08-11,0.40354602888062513,0.5126053746365871,0.6321338201850597,0.6659965973662497,0.7529684071653797,0.8426956010230607,0.8772869621119881,1.012914613831467,1.0861433270789018
2011-08-12,0.40079275770585543,0.48405892221776736,0.6148350816113233,0.6572258625463898,0.7429735244750386,0.8366007415502188,0.8747052222591953,1.0185737707705231,1.0746891680504536
2011-08-13,0.3989337740530593,0.47676270317910546,0.6180470052992433,0.6605514624180193,0.7513306527339914,0.8429226186760834,0.8814419581310298,1.0078061037114987,1.0842215584174608
2011-08-14,0.8926345312682121,1.0263962747069455,1.2612048483442133,1.3240830818623568,1.479821519307779,1.6663290455096247,1.7396456678164336,1.9853518559725187,2.0866085773186422
2011-08-15,0.8737704467957134,0.9912904154942797,1.2560643735537227,1.3203239244753542,1.5020103523398265,1.6761017459204566,1.7567212012193485,1.9925972644138907,2.1424990029307107
2011-08-16,0.4499211795598013,0.5059939005422252,0.6339871233652683,0.6725233685163347,0.7598489961404076,0.8470808612934411,0.8782724291522732,1.0286700530560173,1.084310016880078
2011-08-17,0.4217857081129421,0.5047086962405595,0.6226544516787382,0.6640110988993961,0.7539900285010424,0.8482322746888424,0.8829050488812279,0.997234431921937,1.0586697796585038
2011-08-18,0.4287821440745386,0.4994448157863954,0.6269747304087363,0.6675986609711804,0.7516835246927827,0.8453773162981568,0.8809443640028196,1.0179771971253795,1.1109189224552563
2011-08-19,0.3953186463052694,0.5118552319823041,0.6393083187961702,0.6757326738277839,0.756457118450869,0.8418404399355545,0.8812447819086945,0.9859666147716049,1.0810505745934256
2011-08-20,0.4426556827778474,0.5058101737695733,0.6271990662355661,0.6706906006996715,0.7513484342283294,0.8418417115740677,0.8859901755041041,1.0120781145492648,1.0975366755382503
2011-08-21,0.8289402747355596,0.9697309514210437,1.245114173367452,1.3341644792548906,1.5048893706732405,1.662255111944534,1.7397907329394697,1.969323011339094,2.11030690473058
2011-08-22,0.8617544724924691,0.9844378777867889,1.2535902134245673,1.3333184845170958,1.5052609439408182,1.671838830261459,1.7445814044301498,1.9738524911308692,2.147710708926063
2011-08-23,0.4030791973894772,0.4685025003171954,0.6160120987711066,0.6597440877893772,0.7464201666619901,0.8287171326148081,0.8679271800652784,1.0100691955800383,1.0846476631571556
2011-08-24,0.4251748914651339,0.49050958178317144,0.6291025431776424,0.6638825789725484,0.7538945052239769,0.8399210195161273,0.876333373313116,0.989527968180307,1.0597418103034362
2011-08-25,0.4381216546309221,0.506916238192469,0.6322569159478335,0.668427016688736,0.7549822878679482,0.8372979958195416,0.8791418240677737,1.003132543167164,1.070167678756637
2011-08-26,0.4031832146466865,0.5077777134835786,0.619341725667801,0.660612442850705,0.741130349408305,0.8307455019705144,0.8655529455638722,0.9966296531689247,1.0663559941315468
2011-08-27,0.4183452854596377,0.4934191855183536,0.6259924037648501,0.6657142878519622,0.7516272424609982,0.8427524859721109,0.8868389717234091,1.0067425620867778,1.079231978975786
2011-08-28,0.8822323461731033,1.0095975061192275,1.2482648388473,1.3366515680712647,1.4912378602928666,1.6671433256817378,1.7316915345810915,1.9519424739592683,2.1248881667225445
2011-08-29,0.8708446845431544,1.0146009349518423,1.2410271862190314,1.3196142659141605,1.491792872152367,1.649431101827114,1.7310912453103025,2.013201177083198,2.186838547274713
2011-08-30,0.42485507762199726,0.4976801271113035,0.6256140091148492,0.6654466393212031,0.7502065526989126,0.838073938500814,0.8731665643980109,1.0008999633305877,1.06749726255845
2011-08-31,0.4436144282016838,0.5209206210869222,0.6230116707565657,0.6544551875519886,0.7483515763126127,0.8292832325193383,0.866046025175941,0.9859847394509327,1.077572090964325
2011-09-01,0.46542397816582654,0.5007280839122934,0.6299846011919934,0.6688528073115914,0.7471969102027225,0.8418393360319459,0.8812239383672469,1.0041664451723222,1.0752033696739092
2011-09-02,0.4158347853061714,0.5069906042134392,0.618080490319032,0.6627571781915679,0.751671260919905,0.8394858826603597,0.8767867685589318,1.0194288126301265,1.0880550864032494
2011-09-03,0.4641851444525864,0.5060025571200405,0.6259632309837577,0.6712305421896196,0.750783181070746,0.8344676539675405,0.8778501413573558,1.025566886168248,1.084117751333596
2011-09-04,0.8695920936131303,0.9856673841340778,1.2284386633156767,1.3146480479341476,1.4775802712324146,1.6518544523099312,1.7291482503934041,1.9511367024222268,2.066292227219816
2011-09-05,0.9236766437001858,1.0353998886539064,1.2541836733673586,1.3323737666302033,1.48562181284702,1.668998160229493,1.7362288543214677,1.97420523975541,2.12240043609091
2011-09-06,0.40782197041511364,0.5097707738836379,0.6287363427241391,0.6652389841635974,0.7588337251775126,0.8405195487521141,0.8806294557893022,1.0278821356148542,1.1296066676100667
2011-09-07,0.40062597024375207,0.499349261577536,0.6199459903265291,0.6595889608758867,0.7551445527192526,0.8478558672646666,0.8805070058056452,0.9928331263361719,1.0795278108544726
2011-09-08,0.440904511704773,0.5059060067212743,0.6288953568966443,0.6620223259780084,0.7503179136661938,0.8430386599693158,0.8844335250356699,0.9970092772909458,1.0538192133322422
2011-09-09,0.43706160465173877,0.49781881925139004,0.6333851831130553,0.6657985153412088,0.7469096620919482,0.8367040439397252,0.8698369851727066,0.9900681340766738,1.0800433865575025
2011-09-10,0.4548392097307219,0.4954584393429264,0.6109984405176992,0.6493432347445259,0.7424811348324216,0.8415189933220997,0.8793175670323028,1.008307032231143,1.1175584804740988
2011-09-11,0.9083631959754476,1.0205740394888188,1.2733434065305878,1.3425989932883038,1.4918114968137943,1.66127878577454,1.7454131333451581,2.0344735027297296,2.197784264127367
2011-09-12,0.8586419147454692,0.9847070147057309,1.2465395908099741,1.3318470750088376,1.4910372287973104,1.6804112369185367,1.7452373538774382,1.9973599951137748,2.157944449647548
2011-09-13,0.39904754219995525,0.4888003789259259,0.6159755739461308,0.6676313265673263,0.7520171455674113,0.832573563218239,0.8719650724131168,0.9975787865438542,1.0412490715061444
2011-09-14,0.4714655663594422,0.5206542520163373,0.6305682790497568,0.6656564699427259,0.7511626500400677,0.839176276136435,0.8756532962427275,1.0148842855172584,1.1015019947942513
2011-09-15,0.4216697584852885,0.4937198087598426,0.6309176432603142,0.6645404733608046,0.7510430024783028,0.8320342060288857,0.8673510663044444,1.0081236243420886,1.0746785451865568
2011-09-16,0.43275946857762543,0.4984019126164289,0.6141602481674512,0.6553151370192182,0.7497503339801888,0.8380858057223997,0.8764299533060046,1.003510350148838,1.1021378849340107
2011-09-17,0.45097503677229395,0.5073203091554213,0.6226029950260321,0.6626901441316031,0.7490865246132292,0.8383641908686088,0.8816181547626184,0.9996711097394622,1.092436834895448
2011-09-18,0.85685898813282,1.0287605388908925,1.2535499291792638,1.3284669700672396,1.5018476409478512,1.6549285751217058,1.7234571528700116,1.9552169951649216,2.1078241967158933
2011-09-19,0.7645548899697833,1.0062061186339304,1.2555567714826557,1.3186672187667692,1.4861150645269712,1.6660800571553875,1.7481951455317304,1.9832267738436131,2.130012134385182
2011-09-20,0.4146257195332446,0.49257976075507676,0.6413483492066084,0.6733122628280974,0.7559198447773737,0.8415094289762399,0.8794889800158333,1.0039853845084947,1.0808820927951281
2011-09-21,0.45246563896736014,0.5055897784443777,0.6195996826947224,0.6582154149626824,0.7422458966829634,0.8292203726839575,0.8685354372569826,0.9940695281648704,1.0442723514824277
2011-09-22,0.3940933700379135,0.4928061692034033,0.6225960930280622,0.6652332068075081,0.7509661209606324,0.8384123893415089,0.8775549551947065,1.0139549288537635,1.0922655114738473
2011-09-23,0.4233127149022302,0.4799552334153797,0.6250062101150222,0.6603507324841441,0.7439353691847825,0.8393268544163056,0.8768854667926477,1.032656707472326,1.1002650713864623
2011-09-24,0.3957004670419816,0.48829265944028233,0.6191759285464391,0.6569670060496915,0.7422198424965514,0.8300069911235048,0.8745903475672895,1.0171282741533447,1.0767303200518
2011-09-25,0.8718555553832441,1.0228288357189794,1.2765222167584784,1.345289026902656,1.5214423372798056,1.677764459820303,1.7567082794063844,2.008884767481736,2.1950679762529743
2011-09-26,0.8881723845446269,1.0461887099629674,1.2485058782370837,1.3294042206719026,1.4933228072259055,1.6776128070934493,1.7466812832755587,2.0183638608966405,2.1455410477895525
2011-09-27,0.4233571205855728,0.495676280165706,0.6294332814464099,0.6691504950342159,0.7550801705880048,0.8392967974425385,0.8767340718581544,1.012571326904869,1.1141658639609395
2011-09-28,0.4331928246810013,0.48941337613109653,0.6203337245469384,0.6597463736627484,0.7456631636254596,0.8389456268375427,0.8772104323009311,0.9948142525051958,1.0569154717456604
2011-09-29,0.4357824049020732,0.5004764877209837,0.6153791143986014,0.6653852079098345,0.7543070019413758,0.8388018028636292,0.8792401033210091,1.0034301659799183,1.107601230336684
2011-09-30,0.4239894277813119,0.48711503829483294,0.626449268286912,0.6673798564820576,0.7504714942671333,0.8501227761881367,0.8892041085072048,1.0024295472345282,1.0967101253401281
2011-10-01,0.37881827974079385,0.47653656714499576,0.6219745118219313,0.6605377448681952,0.7504411777961664,0.8386967814266775,0.8752959551887347,1.0087031716389638,1.0805215384978415
2011-10-02,0.8511524278857786,0.998250491889613,1.2557974161119894,1.335550157836792,1.494512411021573,1.6884269628875481,1.761808607664748,1.9829393230679397,2.12788808840745
2011-10-03,0.8597749133563587,1.040108442479473,1.2911460838155324,1.360382993530122,1.5175389285562972,1.6769893120253592,1.7522744417892213,1.9868230609816298,2.1437287871382256
2011-10-04,0.42343252679300236,0.5103601152155571,0.6237861769202496,0.6601420712329613,0.736975982762005,0.8314926059416228,0.8766841622302618,1.005066050711936,1.0786669979449133
2011-10-05,0.39807650177877846,0.48797739905770793,0.615883496672732,0.6565827189553987,0.7505221546402816,0.8387545515461159,0.876105761034461,1.0010391496013682,1.0872251672860505
2011-10-06,0.4067297021581768,0.48927836217019166,0.6358197521571363,0.6711946539131597,0.7552210019454878,0.8435898137027478,0.8822709664819819,0.9886013451178408,1.0648458967767358
2011-10-07,0.3974416173170077,0.5073697554346038,0.6262182342973768,0.6673610827741663,0.7537629176772473,0.8324483124884215,0.8696801632361424,0.9980408074544733,1.080321077152064
2011-10-08,0.40262144618328427,0.5015338776389663,0.6188707547573705,0.6615137426142191,0.7472461350816904,0.8429042517188596,0.8851804518295494,1.014397718600101,1.0938931266658996
2011-10-09,0.8307809049080291,1.0048644798068938,1.249315042681201,1.3237263463786075,1.5093201161702947,1.6813301447444655,1.7616219019254469,2.0040648182584415,2.148268627664639
2011-10-10,0.8967501786791812,1.0309047372912163,1.2495463537573057,1.3334635047771775,1.5083855010321616,1.6692555892483354,1.7466455954987354,1.9817217599135584,2.1445638945782615
2011-10-11,0.4607386260337828,0.5099957338451664,0.6242727561818684,0.6585387544550059,0.7449869682283978,0.8189052326582301,0.8486305963959357,0.9887045299175043,1.1053560384771453
2011-10-12,0.4053750537841105,0.49410520492662613,0.6231262089068269,0.6606775258758691,0.750981722436753,0.8400418910261939,0.8791455046055964,1.0192785599841527,1.1146427911568553
2011-10-13,0.4407001251275189,0.5170175287696142,0.6327345725413157,0.6709592303556727,0.7555758725096547,0.8446114235600538,0.878187715390741,1.0093774262724384,1.0979174231418085
2011-10-14,0.405580476904057,0.4934559835630646,0.6200666957794658,0.6596568498354807,0.7462611609546654,0.8435509877753807,0.8840719961232458,1.0041208206703174,1.0727380537123195
2011-10-15,0.40835240743418416,0.49942501308418885,0.618702643008216,0.6604687678308904,0.754906679954231,0.8392101050920746,0.870939493488024,1.0042676012554619,1.0724684151674369
2011-10-16,0.9174385023286474,1.0238458549819347,1.2576937579648575,1.3328075472829517,1.5042564855855023,1.6702206653243514,1.7499238596661795,1.9597113714466117,2.1381236025191153
2011-10-17,0.8692725199568545,1.065870609633062,1.2611063143496313,1.3280160582282787,1.4891969027639032,1.6766039958125074,1.755001600092287,1.9931369939818477,2.1337400753623252
2011-10-18,0.3970292882536069,0.4889476278161084,0.627715235771849,0.6669762833551781,0.7475676431712286,0.831440025677249,0.8753694872581157,1.0158628069367215,1.0978054639168897
2011-10-19,0.4166534676281626,0.507394561601446,0.6319192385555541,0.6675425432105292,0.7550980119082604,0.8436762968428676,0.8785514721499195,1.0163484526051771,1.077243157580502
2011-10-20,0.38011008002216723,0.5014568215938785,0.6267024778257492,0.6583227820001306,0.7543169749453209,0.8375512079153051,0.8733454059813237,0.9978883958945165,1.0547621717849833
2011-10-21,0.43144871298486825,0.5026348869164238,0.62201705254204,0.6649276728050423,0.7565938429762568,0.8368108094840808,0.8782502785328026,0.9867563393475579,1.0793520945899433
2011-10-22,0.4330887390732642,0.5009810347442126,0.6170425157044588,0.650311380960571,0.7484091868404161,0.8349193707800713,0.8776478054496886,1.0063199056206986,1.0912604006833184
2011-10-23,0.8713753144949712,1.0182457133896616,1.2733852205197576,1.3422258375716745,1.494159245449405,1.667921087225381,1.7424741169134357,1.9936423316502285,2.1631543637102713
2011-10-24,0.8446226954109447,0.9928445847918531,1.247460839192468,1.3236551384908861,1.4945391104679298,1.649630293563043,1.7229138314327077,2.0094733419479214,2.136056104554774
2011-10-25,0.42340862848276406,0.5028462956008322,0.6153922884852945,0.659179927858953,0.7445001880929298,0.838916453737599,0.87492735326999,1.0058585180375696,1.0698502683670201
2011-10-26,0.4164584598847628,0.506236796187044,0.6295554420586723,0.6737741064372963,0.7551062403261541,0.8391035021234198,0.8778543128405041,1.0186912832336654,1.120632117324086
2011-10-27,0.4280807530737083,0.5045865721562965,0.6345929206188137,0.6666851804730493,0.7544180392642749,0.8341593055007064,0.8728886697266551,0.9999801974722369,1.0762032861192314
2011-10-28,0.4143409011821875,0.5104703168142914,0.6293370139598711,0.6696757034730929,0.7631279920854303,0.8450095036585251,0.8877481300270144,1.0075417111338834,1.0616991182392594
2011-10-29,0.45697907771384133,0.500785184231691,0.6332084736650072,0.6658393096960278,0.7537562726711307,0.8386825970707783,0.884654354733321,1.011958256533227,1.0956477170910464
2011-10-30,0.8718029326815419,0.9910720137556702,1.2549016539307123,1.330450074860377,1.510126240735707,1.6658968245694383,1.73244582877417,1.95074748931099,2.0958154557694604
2011-10-31,0.8124272842361778,0.9850184682553617,1.2519935701589766,1.3355665408971342,1.4850818627083169,1.6551249854281622,1.7404831125642257,1.9487218332411622,2.141154865581559
2011-11-01,0.42426223464566276,0.49590363727496656,0.634456547119461,0.6671647896620114,0.7550393398213988,0.8501938515818767,0.8813164999154173,1.0068494500628435,1.0906727881133778
2011-11-02,0.41858111890690364,0.4871514510956447,0.6289913904284695,0.6625872168657493,0.751179991256465,0.837786363173482,0.8704684023159996,1.0156473293441193,1.0726596894052693
2011-11-03,0.4255766118612078,0.5055819392640284,0.6378799439695315,0.6708958393554971,0.74780088717741,0.8379249255621681,0.883828404428871,1.0037379687113681,1.097491283499753
2011-11-04,0.4078517354496967,0.4897316006986371,0.6182079854194436,0.6538924400546517,0.7401636580923894,0.8380957180314006,0.8807298859308413,0.9975791545543573,1.0862384463039976
2011-11-05,0.4342193022195444,0.5155536625966498,0.6289599091032612,0.6627693705558593,0.7511421387148847,0.8325732383063339,0.8781947231232334,1.0148012205841126,1.0977491961700705
2011-11-06,0.8843256732326295,1.0119756636054702,1.2641853537788579,1.337062917413422,1.4994441793971567,1.6727927537604865,1.7376139094602898,1.9725213491230464,2.1826570117228288
2011-11-07,0.7955419900992061,1.008115841733108,1.2559537784149537,1.3421386965319586,1.5181976845939833,1.6887848051390162,1.7699864496351818,1.992877638861219,2.160329622649166
2011-11-08,0.44050343548199117,0.4925019794516671,0.6153468286317471,0.6544737198215965,0.7490740875017163,0.8374355369826879,0.873039863311248,0.9916250488992326,1.0717359259856298
2011-11-09,0.44072966064094715,0.4835254559914921,0.6292335006328859,0.6707421188422176,0.7558619749504165,0.8414012631532998,0.8803604532849555,0.9976264585437212,1.0566154865830633
2011-11-10,0.4294115872796125,0.4948801273995616,0.6259731154302215,0.6647014812856777,0.7500944686969244,0.840072866624989,0.8758107038895829,1.000171274135295,1.1160163892889112
2011-11-11,0.40577533285324,0.4692971506942427,0.6057129485070704,0.6475405385637769,0.7380153809742049,0.8394294746290273,0.8748307587947779,0.997084407888782,1.138325663956015
2011-11-12,0.44157533955191564,0.5063168932005816,0.6279335640938188,0.6642916978786837,0.751164070313384,0.8356245526033143,0.8763418762618964,1.0258653914941445,1.0891598001939193
2011-11-13,0.8652363650345685,0.9995470566704666,1.2670086136342789,1.3274982283957342,1.4934091909175662,1.661497751966849,1.7352046800982266,1.9912315501673932,2.1450175687860322
2011-11-14,0.9195465856614112,1.0461865200433855,1.2524661170678126,1.3216316692297871,1.4790035447679817,1.6464005433871542,1.7279738552331234,1.9697715053575067,2.107713635095979
2011-11-15,0.3912523513862803,0.4941321367776815,0.6196830276517618,0.6667585518175914,0.7516932321553007,0.8341407482610739,0.8791842252354389,1.0156587147419478,1.0793441066961327
2011-11-16,0.41062486352581956,0.4922226596040072,0.6192037105513907,0.6620716785005285,0.754214750697769,0.8372403393881023,0.874144221087825,1.0093548766228484,1.1037559617230188
2011-11-17,0.4333617698505169,0.48690989683903063,0.6122658208057346,0.6570103299903094,0.7515206283066541,0.8394028632540804,0.8866692284196784,1.0150940721040589,1.093914201358509
2011-11-18,0.3720111858392118,0.5010862198963387,0.6264787689363361,0.6680505557215969,0.7592517704684287,0.8411796979111373,0.8796562984185157,1.0118139389507113,1.0808992876492223
2011-11-19,0.4202569521734896,0.49071253153095046,0.609771743545417,0.6512545906673293,0.7470365676622119,0.8344137348306236,0.8760302138472844,1.0045330185580947,1.078740617345152
2011-11-20,0.8981043499176357,1.01324456729129,1.2608353188608858,1.326601017491423,1.4971447106942466,1.665749631446845,1.7447101885259895,1.9969484370516979,2.1649770530106895
2011-11-21,0.8112829811197747,1.0101916832795315,1.256183168881118,1.323117482307116,1.5022109219095794,1.6657674311174109,1.7368087407952224,1.9730280235847686,2.123860670618933
2011-11-22,0.40350371076468283,0.4931336709925868,0.6193144340431088,0.6590215965929952,0.7447540088707073,0.8265356349511963,0.8620341586282245,0.9936864587622259,1.0663342760909604
2011-11-23,0.41724538538014144,0.4958250166838909,0.6210870761789336,0.6638263789703187,0.7576670488615567,0.8472720534925693,0.8929342162948191,1.033779095941068,1.0993999959534781
2011-11-24,0.39106232570098876,0.48982070682497797,0.6258060698215556,0.6638070985079532,0.7483384939208584,0.8282532871025063,0.8662690219618825,1.008043093009164,1.0992891308530273
2011-11-25,0.42677688639892986,0.4885651458998626,0.6263778338185549,0.6666217611060996,0.7539476948143142,0.8413130908602922,0.882343622121285,1.0054866805519498,1.070325435182525
2011-11-26,0.4174457341112717,0.4982238921947254,0.6283443324030469,0.668386005911014,0.7549017169737493,0.8369326903117672,0.8786064244932302,0.9968027999372907,1.0775705178088917
2011-11-27,0.8962670611564162,1.0101519573969655,1.2695125501421094,1.3442215136510014,1.5069149666986426,1.65797629438929,1.7197757716253652,1.968813290473042,2.1214086337798546
2011-11-28,0.8371028392705245,1.0282959536478626,1.2655003844500632,1.340087012597039,1.5116648727870081,1.6802816665047202,1.7446616510751292,1.9734855524549417,2.160834519682424
2011-11-29,0.401320455774311,0.4800809355765,0.6199560617199255,0.654711039353158,0.7469937759008053,0.8292793930437904,0.8712820742416988,0.9954134699327938,1.0642735458737165
2011-11-30,0.4198297862487252,0.49720189255151115,0.6344903398373771,0.677971387972323,0.7625134857952178,0.8481266743369201,0.8826648215677467,1.009272531450003,1.0802573852760806
2011-12-01,0.4123124634732903,0.47390894624595026,0.6197756020139736,0.6579860870179977,0.7447082727419843,0.8391060517137889,0.8758409677987515,0.9944633966455079,1.069047926084231
2011-12-02,0.4143688074074646,0.4924024071121417,0.6230418095383848,0.6585552638667129,0.745912045545658,0.8321416845541875,0.8720482400127095,1.0137862142094267,1.1087258683665093
2011-12-03,0.40474013226840894,0.4923352899114515,0.630184961030776,0.6638604492558968,0.7464486276151124,0.8344161250354732,0.8700613674950088,1.0002406675739492,1.0615606972996054
2011-12-04,0.7636364033885072,1.0233383062893926,1.2594891404860458,1.3390555012029723,1.4943456412212117,1.6603078073218713,1.741536841957294,1.9797238972776083,2.1619989647797206
2011-12-05,0.8328286802383864,1.049109551418252,1.253596979882377,1.343267544965784,1.509846643052776,1.6689636496408942,1.7535771994927192,1.9958489937872281,2.1432999448140637
2011-12-06,0.4093625638984902,0.5062976040836,0.6229423464509329,0.6598120032822317,0.746842893364158,0.8378828894157215,0.8739830896745974,1.0139371270748379,1.0767679600934434
2011-12-07,0.3915403155025544,0.4889615060120899,0.6167384840937369,0.6602537335954031,0.7494473642424618,0.8325880789884295,0.8745206532900256,0.9935641212645316,1.0807985620439446
2011-12-08,0.390353686381111,0.492012609359764,0.606616943374095,0.6486566202974304,0.7335282417367814,0.8320805070006863,0.8730218218633861,1.0102236734769503,1.0616741096990923
2011-12-09,0.43186567708289797,0.49977785364441435,0.6301259400640229,0.6661518712702281,0.7586945015298505,0.8383583587935629,0.8757821554339751,0.9894982443455801,1.03814530167156
2011-12-10,0.433041492804983,0.517481633515074,0.62738668008207,0.6648068330971371,0.7468938468677802,0.8370177890013561,0.8827053170663464,1.0053415312799772,1.059521383061517
2011-12-11,0.8045042889374266,1.0044885548398912,1.2490424756584644,1.3219559937611591,1.493007938378039,1.6767337222064431,1.7500989999631211,1.996022819682483,2.1556025543232566
2011-12-12,0.8078124022907133,1.0285379942813628,1.2553367915881306,1.3346312108743343,1.4932594432674677,1.6660349809949906,1.741583640443455,1.9862249345377332,2.177254804775857
2011-12-13,0.42617668984899404,0.4943429851729878,0.6297842166626941,0.6658003026501242,0.7575361324205478,0.8445234296124977,0.8796110219544815,0.9968167090671926,1.0587038528545212
2011-12-14,0.42121954112852283,0.4928943468078071,0.6167251657042427,0.6581294998879988,0.7541593262923643,0.8495177377861367,0.882626828071601,1.0045308645319668,1.0951987033640027
2011-12-15,0.4028428427944173,0.5001395758882383,0.6185826338305316,0.6684851653817688,0.7542041635506577,0.8448509594274196,0.8810849799528927,1.0140438504382965,1.092313448031371
2011-12-16,0.4268692706651158,0.4949301651145678,0.6278012338842929,0.6646864538964427,0.7522498975318531,0.8509445985082068,0.8889877912287049,1.0318544193673005,1.1048569146598008
2011-12-17,0.43279347240267135,0.4987863887062953,0.6271772227455497,0.6713560592393292,0.758199369731384,0.8423636985614907,0.8808199237597523,1.003457224194765,1.0651026259699543
2011-12-18,0.852192756750337,1.02267319009736,1.274658056138543,1.3443185668860318,1.507175057243718,1.6614527385216116,1.7317858588804247,1.9770316018829959,2.1367568247208166
2011-12-19,0.8286998745063583,0.9978203706328301,1.2513416140376947,1.3197037225163468,1.487302603138243,1.6629970125697595,1.7361029254935951,1.9773661425507785,2.148279192885821
2011-12-20,0.45837984986086594,0.5102233259499868,0.6206583294859707,0.6620601300866381,0.7505748249341754,0.8334872886759085,0.8763708634196363,0.9892147246737799,1.0747975338287068
2011-12-21,0.4338822399423184,0.49780371104572296,0.6289068994269856,0.6666688588375821,0.7642103109139009,0.8411930713098651,0.8820302386111589,0.9956642098272014,1.0853736950087907
2011-12-22,0.4062838228892035,0.4878427877404126,0.6149852277525756,0.6580678196676558,0.7478012101529719,0.8344106150840545,0.8726553464545859,0.9932245546142844,1.0772994410132783
2011-12-23,0.41442084703480764,0.5086756922766379,0.6264241294586499,0.6650677912298499,0.7553312073407912,0.8424155945842723,0.8797594050500158,1.0197859952036203,1.0918646935411744
2011-12-24,0.39621714823814813,0.5025173159371171,0.6124382151213881,0.6523839535974094,0.7424593467979772,0.8357060771939011,0.8676503964097237,1.0025767529466625,1.0867823562519585
2011-12-25,0.8616604018399034,1.015747037564796,1.2678983365322256,1.332961718380638,1.4997778437999567,1.6840681994884077,1.7479142802767194,2.002142758503941,2.1441681877894845
2011-12-26,0.8751964751432636,0.9973351765241689,1.283828157155652,1.3484120594274422,1.5020311678955751,1.6641595623679155,1.739535144605437,2.002686894170916,2.1525712646097634
2011-12-27,0.43692904208145744,0.5020601830859793,0.6266191772470363,0.6660767094358614,0.7531228894152339,0.8442699759099292,0.8808042132152107,1.0133727083869426,1.076834308057983
2011-12-28,0.4031104199321513,0.4968938884029568,0.6176947932596516,0.6585590335803138,0.7417786206399597,0.8349485361763838,0.8712271240345151,1.0011021245247753,1.0507515313532925
2011-12-29,0.4429105675491414,0.5049597953036324,0.6252124976772377,0.6672283152877994,0.7628466752675048,0.8422741498610157,0.8799289681146665,0.9947997873098333,1.088974427249953
2011-12-30,0.45454168623343433,0.5146223899303939,0.6340243174439868,0.673844756225106,0.7564777963103971,0.8525799444331004,0.8827545469448822,1.0104887310237956,1.0641182655188666
2011-12-31,0.4390434724374043,0.4979229237928045,0.6329549964750852,0.6691333689052936,0.7553828648868278,0.8427087816741696,0.8780570815648906,0.9924185621027628,1.0457834158103818
